{
  "anomaly_rate": 0.46471705602177366,
  "n_samples": 70544,
  "feature_means": {
    "duration": 282.8717537990474,
    "src_bytes": 27089.729417101382,
    "dst_bytes": 32995.47636935813,
    "land": 0.00022680880018144704,
    "wrong_fragment": 0.023375481968700387,
    "urgent": 9.922885007938309e-05,
    "hot": 0.19932240870945792,
    "num_failed_logins": 0.0011765706509412565,
    "logged_in": 0.39517180766613746,
    "num_compromised": 0.32990757541392607,
    "root_shell": 0.0013183261510546608,
    "su_attempted": 0.0010064640508051712,
    "num_root": 0.3529570197323656,
    "num_file_creations": 0.01287139941029712,
    "num_shells": 0.0003827398503061919,
    "num_access_files": 0.00386992515309594,
    "num_outbound_cmds": 0.0,
    "is_host_login": 1.417555001134044e-05,
    "is_guest_login": 0.009114878657291903,
    "count": 84.21419256067135,
    "srv_count": 27.990757541392608,
    "serror_rate": 0.28424756180539806,
    "srv_serror_rate": 0.2820143456566115,
    "rerror_rate": 0.12022014629167611,
    "srv_rerror_rate": 0.12164592311181673,
    "same_srv_rate": 0.6612814697210252,
    "diff_srv_rate": 0.062494613290995704,
    "srv_diff_host_rate": 0.09599129621229305,
    "dst_host_count": 182.39056475391246,
    "dst_host_srv_count": 116.04272510773419,
    "dst_host_same_srv_rate": 0.5220828135631662,
    "dst_host_diff_srv_rate": 0.08267365048763892,
    "dst_host_same_src_port_rate": 0.14700357223860286,
    "dst_host_srv_diff_host_rate": 0.03242501134044001,
    "dst_host_serror_rate": 0.2842530902699025,
    "dst_host_srv_serror_rate": 0.27792555001134045,
    "dst_host_rerror_rate": 0.11908822862327056,
    "dst_host_srv_rerror_rate": 0.12070282376956225
  },
  "feature_stds": {
    "duration": 2587.9608500941354,
    "src_bytes": 3097642.100609642,
    "dst_bytes": 5373245.798286956,
    "land": 0.015058571393244513,
    "wrong_fragment": 0.2578029361484438,
    "urgent": 0.012486929729129202,
    "hot": 2.121343156237369,
    "num_failed_logins": 0.042746783923145716,
    "logged_in": 0.48889102901683285,
    "num_compromised": 30.823392506478854,
    "root_shell": 0.03628507724726629,
    "su_attempted": 0.043409237421186936,
    "num_root": 31.191672180403756,
    "num_file_creations": 0.4695679548035405,
    "num_shells": 0.02095952737785386,
    "num_access_files": 0.09817693146073622,
    "num_outbound_cmds": 0.0,
    "is_host_login": 0.0037650431619492015,
    "is_guest_login": 0.09503644394056882,
    "count": 114.31056593287887,
    "srv_count": 72.97894373737027,
    "serror_rate": 0.4463327528968736,
    "srv_serror_rate": 0.446787133467271,
    "rerror_rate": 0.3209158092460043,
    "srv_rerror_rate": 0.32418501999855664,
    "same_srv_rate": 0.43957836507010967,
    "diff_srv_rate": 0.17876204301554907,
    "srv_diff_host_rate": 0.25763980610298515,
    "dst_host_count": 99.05147381648786,
    "dst_host_srv_count": 110.75860148536032,
    "dst_host_same_srv_rate": 0.44905241137298285,
    "dst_host_diff_srv_rate": 0.18821029542100318,
    "dst_host_same_src_port_rate": 0.3071637257012671,
    "dst_host_srv_diff_host_rate": 0.11289967685017277,
    "dst_host_serror_rate": 0.4447174125697626,
    "dst_host_srv_serror_rate": 0.4454174226423548,
    "dst_host_rerror_rate": 0.3065993485848304,
    "dst_host_srv_rerror_rate": 0.3200107546513811
  }
}